Workbook

Sheet 00_Dashboard
A1: 농협상호금융 정보계 EOS 자원관리 Dashboard
A2: 대상 기준: WebTopSuite → GSLB/L4 → Apache/Nginx → Tomcat/Spring Boot → CruzAPIM → RDW/ADW → Kafka/CDC → DataStage/ETL → BI → 보안/운영/DevOps 전 영역
A4: 1. EOS 관리 현황 KPI
A5: 총 자원 | B5: 위험 상태 | C5: Critical | D5: High | E5: 예외 필요 | F5: 진행중 | G5: 금월 목표조치
A6: =COUNTA('01_EOS관리대장'!$B$5:$B$500) -> 36 | B6: =COUNTIF('01_EOS관리대장'!$T$5:$T$500,"위험") -> 27 | C6: =COUNTIF('01_EOS관리대장'!$U$5:$U$500,"Critical") -> 7 | D6: =COUNTIF('01_EOS관리대장'!$U$5:$U$500,"High") -> 28 | E6: =COUNTIF('01_EOS관리대장'!$Y$5:$Y$500,"필요") -> 19 | F6: =COUNTIF('01_EOS관리대장'!$X$5:$X$500,"진행중") -> 8 | G6: =COUNTIFS('01_EOS관리대장'!$W$5:$W$500,">="&DATE(2026,6,1),'01_EOS관리대장'!$W$5:$W$500,"<="&DATE(2026,6,30)) -> 1
A9: 2. 위험등급 분포 | D9: 3. NSIGHT 영역별 EOS 현황
A10: 위험등급 | B10: 건수 | D10: NSIGHT영역 | E10: 대상수 | F10: Critical | G10: High | H10: Medium | I10: Low | J10: 예외필요 | K10: 진행중 | L10: 위험상태 | M10: 비고
A11: Critical | B11: =COUNTIF('01_EOS관리대장'!$U$5:$U$500,A11) -> 7 | D11: AP | E11: =COUNTIF('01_EOS관리대장'!$C$5:$C$500,D11) -> 8 | F11: =COUNTIFS('01_EOS관리대장'!$C$5:$C$500,D11,'01_EOS관리대장'!$U$5:$U$500,"Critical") -> 2 | G11: =COUNTIFS('01_EOS관리대장'!$C$5:$C$500,D11,'01_EOS관리대장'!$U$5:$U$500,"High") -> 6 | H11: =COUNTIFS('01_EOS관리대장'!$C$5:$C$500,D11,'01_EOS관리대장'!$U$5:$U$500,"Medium") -> 0 | I11: =COUNTIFS('01_EOS관리대장'!$C$5:$C$500,D11,'01_EOS관리대장'!$U$5:$U$500,"Low") -> 0 | J11: =COUNTIFS('01_EOS관리대장'!$C$5:$C$500,D11,'01_EOS관리대장'!$Y$5:$Y$500,"필요") -> 6 | K11: =COUNTIFS('01_EOS관리대장'!$C$5:$C$500,D11,'01_EOS관리대장'!$X$5:$X$500,"진행중") -> 1 | L11: =COUNTIFS('01_EOS관리대장'!$C$5:$C$500,D11,'01_EOS관리대장'!$T$5:$T$500,"위험") -> 6
A12: High | B12: =COUNTIF('01_EOS관리대장'!$U$5:$U$500,A12) -> 28 | D12: BI/분석 | E12: =COUNTIF('01_EOS관리대장'!$C$5:$C$500,D12) -> 1 | F12: =COUNTIFS('01_EOS관리대장'!$C$5:$C$500,D12,'01_EOS관리대장'!$U$5:$U$500,"Critical") -> 0 | G12: =COUNTIFS('01_EOS관리대장'!$C$5:$C$500,D12,'01_EOS관리대장'!$U$5:$U$500,"High") -> 1 | H12: =COUNTIFS('01_EOS관리대장'!$C$5:$C$500,D12,'01_EOS관리대장'!$U$5:$U$500,"Medium") -> 0 | I12: =COUNTIFS('01_EOS관리대장'!$C$5:$C$500,D12,'01_EOS관리대장'!$U$5:$U$500,"Low") -> 0 | J12: =COUNTIFS('01_EOS관리대장'!$C$5:$C$500,D12,'01_EOS관리대장'!$Y$5:$Y$500,"필요") -> 1 | K12: =COUNTIFS('01_EOS관리대장'!$C$5:$C$500,D12,'01_EOS관리대장'!$X$5:$X$500,"진행중") -> 0 | L12: =COUNTIFS('01_EOS관리대장'!$C$5:$C$500,D12,'01_EOS관리대장'!$T$5:$T$500,"위험") -> 1
A13: Medium | B13: =COUNTIF('01_EOS관리대장'!$U$5:$U$500,A13) -> 1 | D13: Backup/DR | E13: =COUNTIF('01_EOS관리대장'!$C$5:$C$500,D13) -> 1 | F13: =COUNTIFS('01_EOS관리대장'!$C$5:$C$500,D13,'01_EOS관리대장'!$U$5:$U$500,"Critical") -> 0 | G13: =COUNTIFS('01_EOS관리대장'!$C$5:$C$500,D13,'01_EOS관리대장'!$U$5:$U$500,"High") -> 1 | H13: =COUNTIFS('01_EOS관리대장'!$C$5:$C$500,D13,'01_EOS관리대장'!$U$5:$U$500,"Medium") -> 0 | I13: =COUNTIFS('01_EOS관리대장'!$C$5:$C$500,D13,'01_EOS관리대장'!$U$5:$U$500,"Low") -> 0 | J13: =COUNTIFS('01_EOS관리대장'!$C$5:$C$500,D13,'01_EOS관리대장'!$Y$5:$Y$500,"필요") -> 0 | K13: =COUNTIFS('01_EOS관리대장'!$C$5:$C$500,D13,'01_EOS관리대장'!$X$5:$X$500,"진행중") -> 0 | L13: =COUNTIFS('01_EOS관리대장'!$C$5:$C$500,D13,'01_EOS관리대장'!$T$5:$T$500,"위험") -> 1
A14: Low | B14: =COUNTIF('01_EOS관리대장'!$U$5:$U$500,A14) -> 0 | D14: Batch/ETL | E14: =COUNTIF('01_EOS관리대장'!$C$5:$C$500,D14) -> 1 | F14: =COUNTIFS('01_EOS관리대장'!$C$5:$C$500,D14,'01_EOS관리대장'!$U$5:$U$500,"Critical") -> 0 | G14: =COUNTIFS('01_EOS관리대장'!$C$5:$C$500,D14,'01_EOS관리대장'!$U$5:$U$500,"High") -> 1 | H14: =COUNTIFS('01_EOS관리대장'!$C$5:$C$500,D14,'01_EOS관리대장'!$U$5:$U$500,"Medium") -> 0 | I14: =COUNTIFS('01_EOS관리대장'!$C$5:$C$500,D14,'01_EOS관리대장'!$U$5:$U$500,"Low") -> 0 | J14: =COUNTIFS('01_EOS관리대장'!$C$5:$C$500,D14,'01_EOS관리대장'!$Y$5:$Y$500,"필요") -> 1 | K14: =COUNTIFS('01_EOS관리대장'!$C$5:$C$500,D14,'01_EOS관리대장'!$X$5:$X$500,"진행중") -> 0 | L14: =COUNTIFS('01_EOS관리대장'!$C$5:$C$500,D14,'01_EOS관리대장'!$T$5:$T$500,"위험") -> 0
D15: Data Platform | E15: =COUNTIF('01_EOS관리대장'!$C$5:$C$500,D15) -> 3 | F15: =COUNTIFS('01_EOS관리대장'!$C$5:$C$500,D15,'01_EOS관리대장'!$U$5:$U$500,"Critical") -> 0 | G15: =COUNTIFS('01_EOS관리대장'!$C$5:$C$500,D15,'01_EOS관리대장'!$U$5:$U$500,"High") -> 3 | H15: =COUNTIFS('01_EOS관리대장'!$C$5:$C$500,D15,'01_EOS관리대장'!$U$5:$U$500,"Medium") -> 0 | I15: =COUNTIFS('01_EOS관리대장'!$C$5:$C$500,D15,'01_EOS관리대장'!$U$5:$U$500,"Low") -> 0 | J15: =COUNTIFS('01_EOS관리대장'!$C$5:$C$500,D15,'01_EOS관리대장'!$Y$5:$Y$500,"필요") -> 2 | K15: =COUNTIFS('01_EOS관리대장'!$C$5:$C$500,D15,'01_EOS관리대장'!$X$5:$X$500,"진행중") -> 1 | L15: =COUNTIFS('01_EOS관리대장'!$C$5:$C$500,D15,'01_EOS관리대장'!$T$5:$T$500,"위험") -> 1
D16: DevOps | E16: =COUNTIF('01_EOS관리대장'!$C$5:$C$500,D16) -> 4 | F16: =COUNTIFS('01_EOS관리대장'!$C$5:$C$500,D16,'01_EOS관리대장'!$U$5:$U$500,"Critical") -> 0 | G16: =COUNTIFS('01_EOS관리대장'!$C$5:$C$500,D16,'01_EOS관리대장'!$U$5:$U$500,"High") -> 3 | H16: =COUNTIFS('01_EOS관리대장'!$C$5:$C$500,D16,'01_EOS관리대장'!$U$5:$U$500,"Medium") -> 1 | I16: =COUNTIFS('01_EOS관리대장'!$C$5:$C$500,D16,'01_EOS관리대장'!$U$5:$U$500,"Low") -> 0 | J16: =COUNTIFS('01_EOS관리대장'!$C$5:$C$500,D16,'01_EOS관리대장'!$Y$5:$Y$500,"필요") -> 2 | K16: =COUNTIFS('01_EOS관리대장'!$C$5:$C$500,D16,'01_EOS관리대장'!$X$5:$X$500,"진행중") -> 0 | L16: =COUNTIFS('01_EOS관리대장'!$C$5:$C$500,D16,'01_EOS관리대장'!$T$5:$T$500,"위험") -> 2
D17: Integration | E17: =COUNTIF('01_EOS관리대장'!$C$5:$C$500,D17) -> 2 | F17: =COUNTIFS('01_EOS관리대장'!$C$5:$C$500,D17,'01_EOS관리대장'!$U$5:$U$500,"Critical") -> 0 | G17: =COUNTIFS('01_EOS관리대장'!$C$5:$C$500,D17,'01_EOS관리대장'!$U$5:$U$500,"High") -> 2 | H17: =COUNTIFS('01_EOS관리대장'!$C$5:$C$500,D17,'01_EOS관리대장'!$U$5:$U$500,"Medium") -> 0 | I17: =COUNTIFS('01_EOS관리대장'!$C$5:$C$500,D17,'01_EOS관리대장'!$U$5:$U$500,"Low") -> 0 | J17: =COUNTIFS('01_EOS관리대장'!$C$5:$C$500,D17,'01_EOS관리대장'!$Y$5:$Y$500,"필요") -> 1 | K17: =COUNTIFS('01_EOS관리대장'!$C$5:$C$500,D17,'01_EOS관리대장'!$X$5:$X$500,"진행중") -> 0 | L17: =COUNTIFS('01_EOS관리대장'!$C$5:$C$500,D17,'01_EOS관리대장'!$T$5:$T$500,"위험") -> 1
D18: Library | E18: =COUNTIF('01_EOS관리대장'!$C$5:$C$500,D18) -> 3 | F18: =COUNTIFS('01_EOS관리대장'!$C$5:$C$500,D18,'01_EOS관리대장'!$U$5:$U$500,"Critical") -> 0 | G18: =COUNTIFS('01_EOS관리대장'!$C$5:$C$500,D18,'01_EOS관리대장'!$U$5:$U$500,"High") -> 3 | H18: =COUNTIFS('01_EOS관리대장'!$C$5:$C$500,D18,'01_EOS관리대장'!$U$5:$U$500,"Medium") -> 0 | I18: =COUNTIFS('01_EOS관리대장'!$C$5:$C$500,D18,'01_EOS관리대장'!$U$5:$U$500,"Low") -> 0 | J18: =COUNTIFS('01_EOS관리대장'!$C$5:$C$500,D18,'01_EOS관리대장'!$Y$5:$Y$500,"필요") -> 0 | K18: =COUNTIFS('01_EOS관리대장'!$C$5:$C$500,D18,'01_EOS관리대장'!$X$5:$X$500,"진행중") -> 1 | L18: =COUNTIFS('01_EOS관리대장'!$C$5:$C$500,D18,'01_EOS관리대장'!$T$5:$T$500,"위험") -> 3
D19: Network | E19: =COUNTIF('01_EOS관리대장'!$C$5:$C$500,D19) -> 1 | F19: =COUNTIFS('01_EOS관리대장'!$C$5:$C$500,D19,'01_EOS관리대장'!$U$5:$U$500,"Critical") -> 0 | G19: =COUNTIFS('01_EOS관리대장'!$C$5:$C$500,D19,'01_EOS관리대장'!$U$5:$U$500,"High") -> 1 | H19: =COUNTIFS('01_EOS관리대장'!$C$5:$C$500,D19,'01_EOS관리대장'!$U$5:$U$500,"Medium") -> 0 | I19: =COUNTIFS('01_EOS관리대장'!$C$5:$C$500,D19,'01_EOS관리대장'!$U$5:$U$500,"Low") -> 0 | J19: =COUNTIFS('01_EOS관리대장'!$C$5:$C$500,D19,'01_EOS관리대장'!$Y$5:$Y$500,"필요") -> 0 | K19: =COUNTIFS('01_EOS관리대장'!$C$5:$C$500,D19,'01_EOS관리대장'!$X$5:$X$500,"진행중") -> 0 | L19: =COUNTIFS('01_EOS관리대장'!$C$5:$C$500,D19,'01_EOS관리대장'!$T$5:$T$500,"위험") -> 0
D20: Observability | E20: =COUNTIF('01_EOS관리대장'!$C$5:$C$500,D20) -> 2 | F20: =COUNTIFS('01_EOS관리대장'!$C$5:$C$500,D20,'01_EOS관리대장'!$U$5:$U$500,"Critical") -> 0 | G20: =COUNTIFS('01_EOS관리대장'!$C$5:$C$500,D20,'01_EOS관리대장'!$U$5:$U$500,"High") -> 2 | H20: =COUNTIFS('01_EOS관리대장'!$C$5:$C$500,D20,'01_EOS관리대장'!$U$5:$U$500,"Medium") -> 0 | I20: =COUNTIFS('01_EOS관리대장'!$C$5:$C$500,D20,'01_EOS관리대장'!$U$5:$U$500,"Low") -> 0 | J20: =COUNTIFS('01_EOS관리대장'!$C$5:$C$500,D20,'01_EOS관리대장'!$Y$5:$Y$500,"필요") -> 0 | K20: =COUNTIFS('01_EOS관리대장'!$C$5:$C$500,D20,'01_EOS관리대장'!$X$5:$X$500,"진행중") -> 0 | L20: =COUNTIFS('01_EOS관리대장'!$C$5:$C$500,D20,'01_EOS관리대장'!$T$5:$T$500,"위험") -> 2
D21: Realtime/Event | E21: =COUNTIF('01_EOS관리대장'!$C$5:$C$500,D21) -> 2 | F21: =COUNTIFS('01_EOS관리대장'!$C$5:$C$500,D21,'01_EOS관리대장'!$U$5:$U$500,"Critical") -> 0 | G21: =COUNTIFS('01_EOS관리대장'!$C$5:$C$500,D21,'01_EOS관리대장'!$U$5:$U$500,"High") -> 2 | H21: =COUNTIFS('01_EOS관리대장'!$C$5:$C$500,D21,'01_EOS관리대장'!$U$5:$U$500,"Medium") -> 0 | I21: =COUNTIFS('01_EOS관리대장'!$C$5:$C$500,D21,'01_EOS관리대장'!$U$5:$U$500,"Low") -> 0 | J21: =COUNTIFS('01_EOS관리대장'!$C$5:$C$500,D21,'01_EOS관리대장'!$Y$5:$Y$500,"필요") -> 1 | K21: =COUNTIFS('01_EOS관리대장'!$C$5:$C$500,D21,'01_EOS관리대장'!$X$5:$X$500,"진행중") -> 1 | L21: =COUNTIFS('01_EOS관리대장'!$C$5:$C$500,D21,'01_EOS관리대장'!$T$5:$T$500,"위험") -> 2
D22: Security | E22: =COUNTIF('01_EOS관리대장'!$C$5:$C$500,D22) -> 3 | F22: =COUNTIFS('01_EOS관리대장'!$C$5:$C$500,D22,'01_EOS관리대장'!$U$5:$U$500,"Critical") -> 3 | G22: =COUNTIFS('01_EOS관리대장'!$C$5:$C$500,D22,'01_EOS관리대장'!$U$5:$U$500,"High") -> 0 | H22: =COUNTIFS('01_EOS관리대장'!$C$5:$C$500,D22,'01_EOS관리대장'!$U$5:$U$500,"Medium") -> 0 | I22: =COUNTIFS('01_EOS관리대장'!$C$5:$C$500,D22,'01_EOS관리대장'!$U$5:$U$500,"Low") -> 0 | J22: =COUNTIFS('01_EOS관리대장'!$C$5:$C$500,D22,'01_EOS관리대장'!$Y$5:$Y$500,"필요") -> 2 | K22: =COUNTIFS('01_EOS관리대장'!$C$5:$C$500,D22,'01_EOS관리대장'!$X$5:$X$500,"진행중") -> 2 | L22: =COUNTIFS('01_EOS관리대장'!$C$5:$C$500,D22,'01_EOS관리대장'!$T$5:$T$500,"위험") -> 3
A23: 4. 우선 조치 대상 Top 10 | D23: WEB | E23: =COUNTIF('01_EOS관리대장'!$C$5:$C$500,D23) -> 2 | F23: =COUNTIFS('01_EOS관리대장'!$C$5:$C$500,D23,'01_EOS관리대장'!$U$5:$U$500,"Critical") -> 0 | G23: =COUNTIFS('01_EOS관리대장'!$C$5:$C$500,D23,'01_EOS관리대장'!$U$5:$U$500,"High") -> 2 | H23: =COUNTIFS('01_EOS관리대장'!$C$5:$C$500,D23,'01_EOS관리대장'!$U$5:$U$500,"Medium") -> 0 | I23: =COUNTIFS('01_EOS관리대장'!$C$5:$C$500,D23,'01_EOS관리대장'!$U$5:$U$500,"Low") -> 0 | J23: =COUNTIFS('01_EOS관리대장'!$C$5:$C$500,D23,'01_EOS관리대장'!$Y$5:$Y$500,"필요") -> 2 | K23: =COUNTIFS('01_EOS관리대장'!$C$5:$C$500,D23,'01_EOS관리대장'!$X$5:$X$500,"진행중") -> 1 | L23: =COUNTIFS('01_EOS관리대장'!$C$5:$C$500,D23,'01_EOS관리대장'!$T$5:$T$500,"위험") -> 2
A24: 순위 | B24: 자원ID | C24: 영역 | D24: 시스템/서비스 | E24: 제품명 | F24: 현재버전 | G24: 위험등급 | H24: 조치유형 | I24: 목표조치일 | J24: 담당조직 | K24: =COUNTIFS('01_EOS관리대장'!$C$5:$C$500,D24,'01_EOS관리대장'!$X$5:$X$500,"진행중") -> 0 | L24: =COUNTIFS('01_EOS관리대장'!$C$5:$C$500,D24,'01_EOS관리대장'!$T$5:$T$500,"위험") -> 0
A25: 1 | B25: EOS-NSI-2026-023 | C25: Security | D25: SSO/IAM | E25: SSO Solution | F25: v7.x | G25: Critical | H25: Upgrade | I25: 46265 | J25: 보안팀 | K25: =COUNTIFS('01_EOS관리대장'!$C$5:$C$500,D25,'01_EOS관리대장'!$X$5:$X$500,"진행중") -> 0 | L25: =COUNTIFS('01_EOS관리대장'!$C$5:$C$500,D25,'01_EOS관리대장'!$T$5:$T$500,"위험") -> 0
A26: 2 | B26: EOS-NSI-2026-024 | C26: Security | D26: DB 접근제어 | E26: DB Access Control | F26: v6.x | G26: Critical | H26: Upgrade | I26: 46295 | J26: 보안팀
A27: 3 | B27: EOS-NSI-2026-025 | C27: Security | D27: WAF | E27: WAF Appliance | F27: OS 11.x | G27: Critical | H27: Upgrade | I27: 46234 | J27: 보안팀
A28: 4 | B28: EOS-NSI-2026-002 | C28: 접속/라우팅 | D28: GSLB | E28: GSLB Appliance | F28: OS 12.x | G28: Critical | H28: Upgrade | I28: 46218 | J28: 네트워크팀
A29: 5 | B29: EOS-NSI-2026-003 | C29: 접속/라우팅 | D29: 센터 L4 | E29: L4 Load Balancer | F29: OS 13.x | G29: Critical | H29: Upgrade | I29: 46295 | J29: 네트워크팀
A30: 6 | B30: EOS-NSI-2026-008 | C30: AP | D30: 마케팅 AP | E30: OpenJDK | F30: 8u202 | G30: Critical | H30: Upgrade | I30: 46265 | J30: AP개발팀
A31: 7 | B31: EOS-NSI-2026-009 | C31: AP | D31: 싱글뷰 AP | E31: Apache Tomcat | F31: 8.5.x | G31: Critical | H31: Upgrade | I31: 46295 | J31: WEB/WAS팀
A32: 8 | B32: EOS-NSI-2026-004 | C32: WEB | D32: Apache Reverse Proxy | E32: Apache HTTP Server | F32: 2.4.x-구버전 | G32: High | H32: Upgrade | I32: 46203 | J32: WEB/WAS팀
A33: 9 | B33: EOS-NSI-2026-005 | C33: WEB | D33: Nginx Proxy | E33: Nginx | F33: 1.20.x | G33: High | H33: Upgrade | I33: 46249 | J33: WEB/WAS팀
A34: 10 | B34: EOS-NSI-2026-006 | C34: AP | D34: 마케팅 AP | E34: RHEL | F34: 7.x | G34: High | H34: Upgrade | I34: 46295 | J34: 인프라팀

Sheet 01_EOS관리대장
A1: 농협상호금융 정보계 EOS 자원 관리대장
A2: ※ 본 데이터는 NSIGHT 정보계 아키텍처 영역을 기준으로 작성한 샘플입니다. 실제 EOS일자와 지원정책은 반드시 벤더 공식 Lifecycle 문서, 유지보수 계약서, 내부 표준환경 기준으로 검증해야 합니다.
A4: No | B4: 자원ID | C4: NSIGHT영역 | D4: 시스템/서비스 | E4: 업무/Runtime | F4: 자원구분 | G4: 제품명 | H4: 현재버전 | I4: 목표표준버전 | J4: 설치위치/논리자원 | K4: 환경 | L4: 운영센터 | M4: 담당조직 | N4: 벤더/공급사 | O4: EOS일자 | P4: EOL일자 | Q4: 계약종료일 | R4: 공식근거/확인자료 | S4: 잔여일수 | T4: 현재상태 | U4: 위험등급 | V4: 조치유형 | W4: 목표조치일 | X4: 조치상태 | Y4: 예외승인여부 | Z4: 비고
A5: 1 | B5: EOS-NSI-2026-001 | C5: 채널/단말 | D5: WebTopSuite 단말 | E5: 온라인 채널 | F5: CHANNEL | G5: WebTopSuite Runtime | H5: v3.x | I5: 벤더 지원버전 | J5: 영업점 단말 | K5: PROD | L5: 전지점 | M5: 채널운영팀 | N5: 공급사 | O5: 46295 | P5: 46387 | Q5: 46387 | R5: 벤더 Lifecycle/계약서 확인 필요 | S5: =O5-TODAY() -> 45 | T5: =IF(O5<TODAY(),"위험",IF(O5-TODAY()<=90,"위험",IF(O5-TODAY()<=180,"경고",IF(O5-TODAY()<=365,"주의","정상")))) -> 위험 | U5: =IFERROR(VLOOKUP($B5,'02_위험도평가'!$A$5:$M$200,13,FALSE),"평가필요") -> High | V5: Upgrade | W5: 46265 | X5: 계획수립 | Y5: 필요 | Z5: 전 지점 배포 영향. 중앙+권역 캐시 배포전략 필요
A6: 2 | B6: EOS-NSI-2026-002 | C6: 접속/라우팅 | D6: GSLB | E6: 센터 라우팅 | F6: NET | G6: GSLB Appliance | H6: OS 12.x | I6: OS 15.x 이상 | J6: DC/DR GSLB | K6: PROD | L6: 양센터 | M6: 네트워크팀 | N6: 장비벤더 | O6: 46234 | P6: 46387 | Q6: 46387 | R6: 장비 벤더 공문 확인 필요 | S6: =O6-TODAY() -> -16 | T6: =IF(O6<TODAY(),"위험",IF(O6-TODAY()<=90,"위험",IF(O6-TODAY()<=180,"경고",IF(O6-TODAY()<=365,"주의","정상")))) -> 위험 | U6: =IFERROR(VLOOKUP($B6,'02_위험도평가'!$A$5:$M$200,13,FALSE),"평가필요") -> Critical | V6: Upgrade | W6: 46218 | X6: 진행중 | Y6: 불필요 | Z6: DNS TTL/Health Check/센터전환 정책 동시 검증
A7: 3 | B7: EOS-NSI-2026-003 | C7: 접속/라우팅 | D7: 센터 L4 | E7: L4 분산 | F7: NET | G7: L4 Load Balancer | H7: OS 13.x | I7: OS 15.x 이상 | J7: 센터별 L4 VIP | K7: PROD | L7: 양센터 | M7: 네트워크팀 | N7: 장비벤더 | O7: 46326 | P7: 46418 | Q7: 46387 | R7: 장비 벤더 Lifecycle 확인 필요 | S7: =O7-TODAY() -> 76 | T7: =IF(O7<TODAY(),"위험",IF(O7-TODAY()<=90,"위험",IF(O7-TODAY()<=180,"경고",IF(O7-TODAY()<=365,"주의","정상")))) -> 위험 | U7: =IFERROR(VLOOKUP($B7,'02_위험도평가'!$A$5:$M$200,13,FALSE),"평가필요") -> Critical | V7: Upgrade | W7: 46295 | X7: 계획수립 | Y7: 불필요 | Z7: Sticky/Persistence/Idle Timeout 정합성 확인
A8: 4 | B8: EOS-NSI-2026-004 | C8: WEB | D8: Apache Reverse Proxy | E8: 온라인 WEB | F8: WEB | G8: Apache HTTP Server | H8: 2.4.x-구버전 | I8: 2.4 최신 패치 | J8: web-prd-01~04 | K8: PROD | L8: 양센터 | M8: WEB/WAS팀 | N8: Apache | O8: 46203 | P8: 46387 | Q8: 46387 | R8: 공식 릴리즈/보안공지 확인 필요 | S8: =O8-TODAY() -> -47 | T8: =IF(O8<TODAY(),"위험",IF(O8-TODAY()<=90,"위험",IF(O8-TODAY()<=180,"경고",IF(O8-TODAY()<=365,"주의","정상")))) -> 위험 | U8: =IFERROR(VLOOKUP($B8,'02_위험도평가'!$A$5:$M$200,13,FALSE),"평가필요") -> High | V8: Upgrade | W8: 46203 | X8: 진행중 | Y8: 필요 | Z8: mod_proxy, SSL, access log GUID 포함 검증
A9: 5 | B9: EOS-NSI-2026-005 | C9: WEB | D9: Nginx Proxy | E9: 온라인 WEB | F9: WEB | G9: Nginx | H9: 1.20.x | I9: 1.26 이상 | J9: web-prd-05~06 | K9: PROD | L9: 주센터 | M9: WEB/WAS팀 | N9: Nginx | O9: 46265 | P9: 46387 | Q9: 46387 | R9: 공식 릴리즈/패키지 저장소 확인 필요 | S9: =O9-TODAY() -> 15 | T9: =IF(O9<TODAY(),"위험",IF(O9-TODAY()<=90,"위험",IF(O9-TODAY()<=180,"경고",IF(O9-TODAY()<=365,"주의","정상")))) -> 위험 | U9: =IFERROR(VLOOKUP($B9,'02_위험도평가'!$A$5:$M$200,13,FALSE),"평가필요") -> High | V9: Upgrade | W9: 46249 | X9: 미착수 | Y9: 필요 | Z9: Apache 병행 사용 구간 정리 필요
A10: 6 | B10: EOS-NSI-2026-006 | C10: AP | D10: 마케팅 AP | E10: 온라인 | F10: OS | G10: RHEL | H10: 7.x | I10: RHEL 9.x | J10: mkt-ap-prd-01~08 | K10: PROD | L10: 양센터 | M10: 인프라팀 | N10: Red Hat | O10: 46203 | P10: 46203 | Q10: 46387 | R10: Subscription/Lifecycle 확인 필요 | S10: =O10-TODAY() -> -47 | T10: =IF(O10<TODAY(),"위험",IF(O10-TODAY()<=90,"위험",IF(O10-TODAY()<=180,"경고",IF(O10-TODAY()<=365,"주의","정상")))) -> 위험 | U10: =IFERROR(VLOOKUP($B10,'02_위험도평가'!$A$5:$M$200,13,FALSE),"평가필요") -> High | V10: Upgrade | W10: 46295 | X10: 계획수립 | Y10: 필요 | Z10: Rolling 방식 OS 전환. AP 8vCPU/32GB 기준
A11: 7 | B11: EOS-NSI-2026-007 | C11: AP | D11: 싱글뷰 AP | E11: 온라인 Single View | F11: OS | G11: RHEL | H11: 7.x | I11: RHEL 9.x | J11: sv-ap-prd-01~10 | K11: PROD | L11: 양센터 | M11: 인프라팀 | N11: Red Hat | O11: 46203 | P11: 46203 | Q11: 46387 | R11: Subscription/Lifecycle 확인 필요 | S11: =O11-TODAY() -> -47 | T11: =IF(O11<TODAY(),"위험",IF(O11-TODAY()<=90,"위험",IF(O11-TODAY()<=180,"경고",IF(O11-TODAY()<=365,"주의","정상")))) -> 위험 | U11: =IFERROR(VLOOKUP($B11,'02_위험도평가'!$A$5:$M$200,13,FALSE),"평가필요") -> High | V11: Upgrade | W11: 46295 | X11: 계획수립 | Y11: 필요 | Z11: RDW 조회 성능 영향. 성능 재검증 필요
A12: 8 | B12: EOS-NSI-2026-008 | C12: AP | D12: 마케팅 AP | E12: 온라인 | F12: JDK | G12: OpenJDK | H12: 8u202 | I12: JDK 21 | J12: mkt-ap-prd-01~08 | K12: PROD | L12: 양센터 | M12: AP개발팀 | N12: OpenJDK Vendor | O12: 46173 | P12: 46173 | Q12: 46387 | R12: JDK 배포판 지원정책 확인 필요 | S12: =O12-TODAY() -> -77 | T12: =IF(O12<TODAY(),"위험",IF(O12-TODAY()<=90,"위험",IF(O12-TODAY()<=180,"경고",IF(O12-TODAY()<=365,"주의","정상")))) -> 위험 | U12: =IFERROR(VLOOKUP($B12,'02_위험도평가'!$A$5:$M$200,13,FALSE),"평가필요") -> Critical | V12: Upgrade | W12: 46265 | X12: 진행중 | Y12: 필요 | Z12: Spring Boot/라이브러리 호환성 동시 점검
A13: 9 | B13: EOS-NSI-2026-009 | C13: AP | D13: 싱글뷰 AP | E13: 온라인 Single View | F13: WAS | G13: Apache Tomcat | H13: 8.5.x | I13: Tomcat 10.1 | J13: sv-ap-prd-01~10 | K13: PROD | L13: 양센터 | M13: WEB/WAS팀 | N13: Apache | O13: 46173 | P13: 46173 | Q13: 46387 | R13: Tomcat Lifecycle/보안공지 확인 필요 | S13: =O13-TODAY() -> -77 | T13: =IF(O13<TODAY(),"위험",IF(O13-TODAY()<=90,"위험",IF(O13-TODAY()<=180,"경고",IF(O13-TODAY()<=365,"주의","정상")))) -> 위험 | U13: =IFERROR(VLOOKUP($B13,'02_위험도평가'!$A$5:$M$200,13,FALSE),"평가필요") -> Critical | V13: Upgrade | W13: 46295 | X13: 계획수립 | Y13: 필요 | Z13: Jakarta namespace, 세션 DeltaManager, jvmRoute 재검증
A14: 10 | B14: EOS-NSI-2026-010 | C14: AP | D14: 실시간처리 AP | E14: 이벤트/실시간 | F14: WAS | G14: Apache Tomcat | H14: 9.0.x-구버전 | I14: Tomcat 10.1 | J14: rt-ap-prd-01~04 | K14: PROD | L14: 양센터 | M14: WEB/WAS팀 | N14: Apache | O14: 46387 | P14: 46568 | Q14: 46387 | R14: Tomcat Lifecycle/보안공지 확인 필요 | S14: =O14-TODAY() -> 137 | T14: =IF(O14<TODAY(),"위험",IF(O14-TODAY()<=90,"위험",IF(O14-TODAY()<=180,"경고",IF(O14-TODAY()<=365,"주의","정상")))) -> 경고 | U14: =IFERROR(VLOOKUP($B14,'02_위험도평가'!$A$5:$M$200,13,FALSE),"평가필요") -> High | V14: Upgrade | W14: 46356 | X14: 미착수 | Y14: 불필요 | Z14: Kafka Consumer 재기동 영향도 확인
A15: 11 | B15: EOS-NSI-2026-011 | C15: AP | D15: EBM 엔진 AP | E15: 이벤트 판단 | F15: FMW | G15: Spring Boot | H15: 2.7.x | I15: 3.3 이상 | J15: ebm-ap-prd-01~04 | K15: PROD | L15: 양센터 | M15: AP개발팀 | N15: Spring | O15: 46203 | P15: 46203 | Q15: 46387 | R15: Spring 프로젝트 지원정책 확인 필요 | S15: =O15-TODAY() -> -47 | T15: =IF(O15<TODAY(),"위험",IF(O15-TODAY()<=90,"위험",IF(O15-TODAY()<=180,"경고",IF(O15-TODAY()<=365,"주의","정상")))) -> 위험 | U15: =IFERROR(VLOOKUP($B15,'02_위험도평가'!$A$5:$M$200,13,FALSE),"평가필요") -> High | V15: Upgrade | W15: 46326 | X15: 계획수립 | Y15: 필요 | Z15: JDK 21/Tomcat 10.1/Jakarta 전환과 묶어서 수행
A16: 12 | B16: EOS-NSI-2026-012 | C16: AP | D16: 공통 프레임워크 | E16: 온라인 공통 | F16: FMW | G16: Spring Framework | H16: 5.x | I16: 6.x | J16: 공통 라이브러리 | K16: PROD | L16: 공통 | M16: AP개발팀 | N16: Spring | O16: 46203 | P16: 46203 | Q16: 46387 | R16: Spring 프로젝트 지원정책 확인 필요 | S16: =O16-TODAY() -> -47 | T16: =IF(O16<TODAY(),"위험",IF(O16-TODAY()<=90,"위험",IF(O16-TODAY()<=180,"경고",IF(O16-TODAY()<=365,"주의","정상")))) -> 위험 | U16: =IFERROR(VLOOKUP($B16,'02_위험도평가'!$A$5:$M$200,13,FALSE),"평가필요") -> High | V16: Upgrade | W16: 46326 | X16: 계획수립 | Y16: 필요 | Z16: 공통 예외/로그/TransactionConfig 영향
... A40: 36 | B40: EOS-NSI-2026-036 | C40: Network | D40: 방화벽 | E40: 보안 네트워크 | F40: NET | G40: Firewall Appliance | H40: OS 10.x | I40: 벤더 지원버전 | J40: fw-prd | K40: PROD | L40: 양센터 | M40: 네트워크팀 | N40: 장비벤더 | O40: 46356 | P40: 46477 | Q40: 46387 | R40: 장비 벤더 Lifecycle 확인 필요 | S40: =O40-TODAY() -> 106 | T40: =IF(O40<TODAY(),"위험",IF(O40-TODAY()<=90,"위험",IF(O40-TODAY()<=180,"경고",IF(O40-TODAY()<=365,"주의","정상")))) -> 경고 | U40: =IFERROR(VLOOKUP($B40,'02_위험도평가'!$A$5:$M$200,13,FALSE),"평가필요") -> High | V40: Upgrade | W40: 46356 | X40: 미착수 | Y40: 불필요 | Z40: 센터 간/대외 연계 정책 백업

Sheet 02_위험도평가
A1: 농협상호금융 정보계 EOS 위험도 평가표
A2: 점수는 샘플입니다. 실제 평가는 업무 중요도, 운영환경, 대외노출, CVE, 장애영향, 대체난이도, EOS잔여기간을 기준으로 아키텍처/보안/운영 합동 검토합니다.
A4: 자원ID | B4: NSIGHT영역 | C4: 제품명 | D4: 현재버전 | E4: 업무중요도 | F4: 운영환경 | G4: 외부노출 | H4: 보안취약점 | I4: 장애영향도 | J4: 대체난이도 | K4: EOS상태 | L4: 총점 | M4: 위험등급 | N4: 평가의견
A5: EOS-NSI-2026-001 | B5: 채널/단말 | C5: WebTopSuite Runtime | D5: v3.x | E5: 4 | F5: 5 | G5: 5 | H5: 3 | I5: 4 | J5: 5 | K5: 4 | L5: =SUM(E5:K5) -> 30 | M5: =IF(L5>=32,"Critical",IF(L5>=26,"High",IF(L5>=20,"Medium","Low"))) -> High | N5: 운영 핵심 자원으로 EOS 전환계획 및 영향도 검증 필요
A6: EOS-NSI-2026-002 | B6: 접속/라우팅 | C6: GSLB Appliance | D6: OS 12.x | E6: 5 | F6: 5 | G6: 4 | H6: 4 | I6: 5 | J6: 5 | K6: 5 | L6: =SUM(E6:K6) -> 33 | M6: =IF(L6>=32,"Critical",IF(L6>=26,"High",IF(L6>=20,"Medium","Low"))) -> Critical | N6: 운영 핵심 자원으로 EOS 전환계획 및 영향도 검증 필요
A7: EOS-NSI-2026-003 | B7: 접속/라우팅 | C7: L4 Load Balancer | D7: OS 13.x | E7: 5 | F7: 5 | G7: 4 | H7: 4 | I7: 5 | J7: 5 | K7: 4 | L7: =SUM(E7:K7) -> 32 | M7: =IF(L7>=32,"Critical",IF(L7>=26,"High",IF(L7>=20,"Medium","Low"))) -> Critical | N7: 운영 핵심 자원으로 EOS 전환계획 및 영향도 검증 필요
A8: EOS-NSI-2026-004 | B8: WEB | C8: Apache HTTP Server | D8: 2.4.x-구버전 | E8: 4 | F8: 5 | G8: 5 | H8: 5 | I8: 4 | J8: 3 | K8: 5 | L8: =SUM(E8:K8) -> 31 | M8: =IF(L8>=32,"Critical",IF(L8>=26,"High",IF(L8>=20,"Medium","Low"))) -> High | N8: 운영 핵심 자원으로 EOS 전환계획 및 영향도 검증 필요
A9: EOS-NSI-2026-005 | B9: WEB | C9: Nginx | D9: 1.20.x | E9: 4 | F9: 5 | G9: 5 | H9: 5 | I9: 4 | J9: 3 | K9: 5 | L9: =SUM(E9:K9) -> 31 | M9: =IF(L9>=32,"Critical",IF(L9>=26,"High",IF(L9>=20,"Medium","Low"))) -> High | N9: 운영 핵심 자원으로 EOS 전환계획 및 영향도 검증 필요
A10: EOS-NSI-2026-006 | B10: AP | C10: RHEL | D10: 7.x | E10: 5 | F10: 5 | G10: 3 | H10: 5 | I10: 5 | J10: 3 | K10: 5 | L10: =SUM(E10:K10) -> 31 | M10: =IF(L10>=32,"Critical",IF(L10>=26,"High",IF(L10>=20,"Medium","Low"))) -> High | N10: 운영 핵심 자원으로 EOS 전환계획 및 영향도 검증 필요
A11: EOS-NSI-2026-007 | B11: AP | C11: RHEL | D11: 7.x | E11: 5 | F11: 5 | G11: 3 | H11: 5 | I11: 5 | J11: 3 | K11: 5 | L11: =SUM(E11:K11) -> 31 | M11: =IF(L11>=32,"Critical",IF(L11>=26,"High",IF(L11>=20,"Medium","Low"))) -> High | N11: 운영 핵심 자원으로 EOS 전환계획 및 영향도 검증 필요
A12: EOS-NSI-2026-008 | B12: AP | C12: OpenJDK | D12: 8u202 | E12: 5 | F12: 5 | G12: 3 | H12: 5 | I12: 5 | J12: 4 | K12: 5 | L12: =SUM(E12:K12) -> 32 | M12: =IF(L12>=32,"Critical",IF(L12>=26,"High",IF(L12>=20,"Medium","Low"))) -> Critical | N12: 운영 핵심 자원으로 EOS 전환계획 및 영향도 검증 필요
A13: EOS-NSI-2026-009 | B13: AP | C13: Apache Tomcat | D13: 8.5.x | E13: 5 | F13: 5 | G13: 3 | H13: 5 | I13: 5 | J13: 4 | K13: 5 | L13: =SUM(E13:K13) -> 32 | M13: =IF(L13>=32,"Critical",IF(L13>=26,"High",IF(L13>=20,"Medium","Low"))) -> Critical | N13: 운영 핵심 자원으로 EOS 전환계획 및 영향도 검증 필요
A14: EOS-NSI-2026-010 | B14: AP | C14: Apache Tomcat | D14: 9.0.x-구버전 | E14: 5 | F14: 5 | G14: 3 | H14: 5 | I14: 4 | J14: 4 | K14: 3 | L14: =SUM(E14:K14) -> 29 | M14: =IF(L14>=32,"Critical",IF(L14>=26,"High",IF(L14>=20,"Medium","Low"))) -> High | N14: 운영 핵심 자원으로 EOS 전환계획 및 영향도 검증 필요
A15: EOS-NSI-2026-011 | B15: AP | C15: Spring Boot | D15: 2.7.x | E15: 5 | F15: 5 | G15: 3 | H15: 3 | I15: 4 | J15: 4 | K15: 5 | L15: =SUM(E15:K15) -> 29 | M15: =IF(L15>=32,"Critical",IF(L15>=26,"High",IF(L15>=20,"Medium","Low"))) -> High | N15: 운영 핵심 자원으로 EOS 전환계획 및 영향도 검증 필요
A16: EOS-NSI-2026-012 | B16: AP | C16: Spring Framework | D16: 5.x | E16: 5 | F16: 5 | G16: 3 | H16: 3 | I16: 4 | J16: 4 | K16: 5 | L16: =SUM(E16:K16) -> 29 | M16: =IF(L16>=32,"Critical",IF(L16>=26,"High",IF(L16>=20,"Medium","Low"))) -> High | N16: 운영 핵심 자원으로 EOS 전환계획 및 영향도 검증 필요
... A40: EOS-NSI-2026-036 | B40: Network | C40: Firewall Appliance | D40: OS 10.x | E40: 4 | F40: 5 | G40: 3 | H40: 4 | I40: 4 | J40: 5 | K40: 4 | L40: =SUM(E40:K40) -> 29 | M40: =IF(L40>=32,"Critical",IF(L40>=26,"High",IF(L40>=20,"Medium","Low"))) -> High | N40: 운영 핵심 자원으로 EOS 전환계획 및 영향도 검증 필요

Sheet 03_조치계획
A1: 농협상호금융 정보계 EOS 조치계획 관리표
A2: 조치계획은 서비스 중단 위험을 낮추기 위해 Rolling, Blue-Green, DR 선검증, Rollback 기준을 함께 작성합니다.
A4: No | B4: 자원ID | C4: NSIGHT영역 | D4: 시스템명 | E4: 제품명 | F4: 현재버전 | G4: 목표버전 | H4: 조치유형 | I4: 조치내용 | J4: 영향범위 | K4: 선행작업 | L4: 테스트계획 | M4: 전환방식 | N4: Rollback방안 | O4: 담당조직 | P4: 담당자 | Q4: 착수예정일 | R4: 완료목표일 | S4: 실제완료일 | T4: 진행상태 | U4: 이슈사항
A5: 1 | B5: EOS-NSI-2026-001 | C5: 채널/단말 | D5: WebTopSuite 단말 | E5: WebTopSuite Runtime | F5: v3.x | G5: 벤더 지원버전 | H5: Upgrade | I5: WebTopSuite Runtime v3.x → 벤더 지원버전 전환 | J5: 운영/DR 서비스 영향. 업무시간 외 단계적 전환 필요 | K5: 호환성 분석, 백업, 설정 백업, 표준버전 승인 | L5: 단위/통합/성능/장애전환/보안회귀 테스트 | M5: Rolling/Blue-Green 전환 | N5: 기존 버전 인스턴스 또는 스냅샷 복구 | O5: 채널운영팀 | P5: 담당자 | Q5: 46220 | R5: 46265 | T5: 계획수립 | U5: 전 지점 배포 영향. 중앙+권역 캐시 배포전략 필요
A6: 2 | B6: EOS-NSI-2026-002 | C6: 접속/라우팅 | D6: GSLB | E6: GSLB Appliance | F6: OS 12.x | G6: OS 15.x 이상 | H6: Upgrade | I6: GSLB Appliance OS 12.x → OS 15.x 이상 전환 | J6: 운영/DR 서비스 영향. 업무시간 외 단계적 전환 필요 | K6: 호환성 분석, 백업, 설정 백업, 표준버전 승인 | L6: 단위/통합/성능/장애전환/보안회귀 테스트 | M6: Rolling/Blue-Green 전환 | N6: 기존 버전 인스턴스 또는 스냅샷 복구 | O6: 네트워크팀 | P6: 담당자 | Q6: 46173 | R6: 46218 | T6: 진행중 | U6: DNS TTL/Health Check/센터전환 정책 동시 검증
A7: 3 | B7: EOS-NSI-2026-003 | C7: 접속/라우팅 | D7: 센터 L4 | E7: L4 Load Balancer | F7: OS 13.x | G7: OS 15.x 이상 | H7: Upgrade | I7: L4 Load Balancer OS 13.x → OS 15.x 이상 전환 | J7: 운영/DR 서비스 영향. 업무시간 외 단계적 전환 필요 | K7: 호환성 분석, 백업, 설정 백업, 표준버전 승인 | L7: 단위/통합/성능/장애전환/보안회귀 테스트 | M7: Rolling/Blue-Green 전환 | N7: 기존 버전 인스턴스 또는 스냅샷 복구 | O7: 네트워크팀 | P7: 담당자 | Q7: 46250 | R7: 46295 | T7: 계획수립 | U7: Sticky/Persistence/Idle Timeout 정합성 확인
A8: 4 | B8: EOS-NSI-2026-004 | C8: WEB | D8: Apache Reverse Proxy | E8: Apache HTTP Server | F8: 2.4.x-구버전 | G8: 2.4 최신 패치 | H8: Upgrade | I8: Apache HTTP Server 2.4.x-구버전 → 2.4 최신 패치 전환 | J8: 운영/DR 서비스 영향. 업무시간 외 단계적 전환 필요 | K8: 호환성 분석, 백업, 설정 백업, 표준버전 승인 | L8: 단위/통합/성능/장애전환/보안회귀 테스트 | M8: Rolling/Blue-Green 전환 | N8: 기존 버전 인스턴스 또는 스냅샷 복구 | O8: WEB/WAS팀 | P8: 담당자 | Q8: 46158 | R8: 46203 | T8: 진행중 | U8: mod_proxy, SSL, access log GUID 포함 검증
A9: 5 | B9: EOS-NSI-2026-005 | C9: WEB | D9: Nginx Proxy | E9: Nginx | F9: 1.20.x | G9: 1.26 이상 | H9: Upgrade | I9: Nginx 1.20.x → 1.26 이상 전환 | J9: 운영/DR 서비스 영향. 업무시간 외 단계적 전환 필요 | K9: 호환성 분석, 백업, 설정 백업, 표준버전 승인 | L9: 단위/통합/성능/장애전환/보안회귀 테스트 | M9: Rolling/Blue-Green 전환 | N9: 기존 버전 인스턴스 또는 스냅샷 복구 | O9: WEB/WAS팀 | P9: 담당자 | Q9: 46204 | R9: 46249 | T9: 미착수 | U9: Apache 병행 사용 구간 정리 필요
A10: 6 | B10: EOS-NSI-2026-006 | C10: AP | D10: 마케팅 AP | E10: RHEL | F10: 7.x | G10: RHEL 9.x | H10: Upgrade | I10: RHEL 7.x → RHEL 9.x 전환 | J10: 운영/DR 서비스 영향. 업무시간 외 단계적 전환 필요 | K10: 호환성 분석, 백업, 설정 백업, 표준버전 승인 | L10: 단위/통합/성능/장애전환/보안회귀 테스트 | M10: Rolling/Blue-Green 전환 | N10: 기존 버전 인스턴스 또는 스냅샷 복구 | O10: 인프라팀 | P10: 담당자 | Q10: 46250 | R10: 46295 | T10: 계획수립 | U10: Rolling 방식 OS 전환. AP 8vCPU/32GB 기준
A11: 7 | B11: EOS-NSI-2026-007 | C11: AP | D11: 싱글뷰 AP | E11: RHEL | F11: 7.x | G11: RHEL 9.x | H11: Upgrade | I11: RHEL 7.x → RHEL 9.x 전환 | J11: 운영/DR 서비스 영향. 업무시간 외 단계적 전환 필요 | K11: 호환성 분석, 백업, 설정 백업, 표준버전 승인 | L11: 단위/통합/성능/장애전환/보안회귀 테스트 | M11: Rolling/Blue-Green 전환 | N11: 기존 버전 인스턴스 또는 스냅샷 복구 | O11: 인프라팀 | P11: 담당자 | Q11: 46250 | R11: 46295 | T11: 계획수립 | U11: RDW 조회 성능 영향. 성능 재검증 필요
A12: 8 | B12: EOS-NSI-2026-008 | C12: AP | D12: 마케팅 AP | E12: OpenJDK | F12: 8u202 | G12: JDK 21 | H12: Upgrade | I12: OpenJDK 8u202 → JDK 21 전환 | J12: 운영/DR 서비스 영향. 업무시간 외 단계적 전환 필요 | K12: 호환성 분석, 백업, 설정 백업, 표준버전 승인 | L12: 단위/통합/성능/장애전환/보안회귀 테스트 | M12: Rolling/Blue-Green 전환 | N12: 기존 버전 인스턴스 또는 스냅샷 복구 | O12: AP개발팀 | P12: 담당자 | Q12: 46220 | R12: 46265 | T12: 진행중 | U12: Spring Boot/라이브러리 호환성 동시 점검
A13: 9 | B13: EOS-NSI-2026-009 | C13: AP | D13: 싱글뷰 AP | E13: Apache Tomcat | F13: 8.5.x | G13: Tomcat 10.1 | H13: Upgrade | I13: Apache Tomcat 8.5.x → Tomcat 10.1 전환 | J13: 운영/DR 서비스 영향. 업무시간 외 단계적 전환 필요 | K13: 호환성 분석, 백업, 설정 백업, 표준버전 승인 | L13: 단위/통합/성능/장애전환/보안회귀 테스트 | M13: Rolling/Blue-Green 전환 | N13: 기존 버전 인스턴스 또는 스냅샷 복구 | O13: WEB/WAS팀 | P13: 담당자 | Q13: 46250 | R13: 46295 | T13: 계획수립 | U13: Jakarta namespace, 세션 DeltaManager, jvmRoute 재검증
A14: 10 | B14: EOS-NSI-2026-010 | C14: AP | D14: 실시간처리 AP | E14: Apache Tomcat | F14: 9.0.x-구버전 | G14: Tomcat 10.1 | H14: Upgrade | I14: Apache Tomcat 9.0.x-구버전 → Tomcat 10.1 전환 | J14: 운영/DR 서비스 영향. 업무시간 외 단계적 전환 필요 | K14: 호환성 분석, 백업, 설정 백업, 표준버전 승인 | L14: 단위/통합/성능/장애전환/보안회귀 테스트 | M14: Rolling/Blue-Green 전환 | N14: 기존 버전 인스턴스 또는 스냅샷 복구 | O14: WEB/WAS팀 | P14: 담당자 | Q14: 46311 | R14: 46356 | T14: 미착수 | U14: Kafka Consumer 재기동 영향도 확인
A15: 11 | B15: EOS-NSI-2026-011 | C15: AP | D15: EBM 엔진 AP | E15: Spring Boot | F15: 2.7.x | G15: 3.3 이상 | H15: Upgrade | I15: Spring Boot 2.7.x → 3.3 이상 전환 | J15: 운영/DR 서비스 영향. 업무시간 외 단계적 전환 필요 | K15: 호환성 분석, 백업, 설정 백업, 표준버전 승인 | L15: 단위/통합/성능/장애전환/보안회귀 테스트 | M15: Rolling/Blue-Green 전환 | N15: 기존 버전 인스턴스 또는 스냅샷 복구 | O15: AP개발팀 | P15: 담당자 | Q15: 46281 | R15: 46326 | T15: 계획수립 | U15: JDK 21/Tomcat 10.1/Jakarta 전환과 묶어서 수행
A16: 12 | B16: EOS-NSI-2026-012 | C16: AP | D16: 공통 프레임워크 | E16: Spring Framework | F16: 5.x | G16: 6.x | H16: Upgrade | I16: Spring Framework 5.x → 6.x 전환 | J16: 운영/DR 서비스 영향. 업무시간 외 단계적 전환 필요 | K16: 호환성 분석, 백업, 설정 백업, 표준버전 승인 | L16: 단위/통합/성능/장애전환/보안회귀 테스트 | M16: Rolling/Blue-Green 전환 | N16: 기존 버전 인스턴스 또는 스냅샷 복구 | O16: AP개발팀 | P16: 담당자 | Q16: 46281 | R16: 46326 | T16: 계획수립 | U16: 공통 예외/로그/TransactionConfig 영향
... A26: 22 | B26: EOS-NSI-2026-022 | C26: BI/분석 | D26: BI Portal | E26: BI Portal Solution | F26: v4.x | G26: 벤더 지원버전 | H26: Upgrade | I26: BI Portal Solution v4.x → 벤더 지원버전 전환 | J26: 운영/DR 서비스 영향. 업무시간 외 단계적 전환 필요 | K26: 호환성 분석, 백업, 설정 백업, 표준버전 승인 | L26: 단위/통합/성능/장애전환/보안회귀 테스트 | M26: Rolling/Blue-Green 전환 | N26: 기존 버전 인스턴스 또는 스냅샷 복구 | O26: BI팀 | P26: 담당자 | Q26: 46250 | R26: 46295 | T26: 계획수립 | U26: ADW 분석 조회 및 권한/마스킹 검증

Sheet 04_예외승인
A1: 농협상호금융 정보계 EOS 예외 승인 관리표
A2: EOS 예외는 금지가 아니라 통제입니다. 반드시 예외기간, 보완대책, 최종전환일, 종료기준을 함께 둡니다.
A4: 신청번호 | B4: 신청일자 | C4: 신청부서 | D4: 신청자 | E4: 시스템명 | F4: 자원ID | G4: 제품명 | H4: 현재버전 | I4: EOS일자 | J4: 위험등급 | K4: 예외요청기간 | L4: 예외요청사유 | M4: 즉시조치불가사유 | N4: 임시보완대책 | O4: 최종전환계획 | P4: 최종전환목표일 | Q4: 월간점검 | R4: 예외종료기준 | S4: 승인상태 | T4: 승인조건
A5: EX-EOS-2026-001 | B5: 46183 | C5: 채널운영팀 | D5: 담당자 | E5: WebTopSuite 단말 | F5: EOS-NSI-2026-001 | G5: WebTopSuite Runtime | H5: v3.x | I5: 46295 | J5: Critical | K5: 2026-07-01 ~ 2026-08-31 | L5: 운영 핵심 업무 영향으로 즉시 교체 불가. 전환 테스트 및 업무시간 외 절차 필요 | M5: 호환성 검증, 성능테스트, DR 절차 검증 선행 필요 | N5: 접근통제 강화, 취약점 모니터링, 백업, 변경동결, 월간 리스크 보고 | O5: 벤더 지원버전 기준 전환 및 회귀테스트 후 운영 반영 | P5: 46265 | Q5: Y | R5: 대체버전 운영반영 완료 또는 자원 폐기 | S5: 조건부 승인 | T5: 예외기간 초과 금지, 월간 점검결과 제출
A6: EX-EOS-2026-002 | B6: 46183 | C6: WEB/WAS팀 | D6: 담당자 | E6: Apache Reverse Proxy | F6: EOS-NSI-2026-004 | G6: Apache HTTP Server | H6: 2.4.x-구버전 | I6: 46203 | J6: Critical | K6: 2026-07-01 ~ 2026-06-30 | L6: 운영 핵심 업무 영향으로 즉시 교체 불가. 전환 테스트 및 업무시간 외 절차 필요 | M6: 호환성 검증, 성능테스트, DR 절차 검증 선행 필요 | N6: 접근통제 강화, 취약점 모니터링, 백업, 변경동결, 월간 리스크 보고 | O6: 2.4 최신 패치 기준 전환 및 회귀테스트 후 운영 반영 | P6: 46203 | Q6: Y | R6: 대체버전 운영반영 완료 또는 자원 폐기 | S6: 조건부 승인 | T6: 예외기간 초과 금지, 월간 점검결과 제출
A7: EX-EOS-2026-003 | B7: 46183 | C7: WEB/WAS팀 | D7: 담당자 | E7: Nginx Proxy | F7: EOS-NSI-2026-005 | G7: Nginx | H7: 1.20.x | I7: 46265 | J7: Critical | K7: 2026-07-01 ~ 2026-08-15 | L7: 운영 핵심 업무 영향으로 즉시 교체 불가. 전환 테스트 및 업무시간 외 절차 필요 | M7: 호환성 검증, 성능테스트, DR 절차 검증 선행 필요 | N7: 접근통제 강화, 취약점 모니터링, 백업, 변경동결, 월간 리스크 보고 | O7: 1.26 이상 기준 전환 및 회귀테스트 후 운영 반영 | P7: 46249 | Q7: Y | R7: 대체버전 운영반영 완료 또는 자원 폐기 | S7: 조건부 승인 | T7: 예외기간 초과 금지, 월간 점검결과 제출
A8: EX-EOS-2026-004 | B8: 46183 | C8: 인프라팀 | D8: 담당자 | E8: 마케팅 AP | F8: EOS-NSI-2026-006 | G8: RHEL | H8: 7.x | I8: 46203 | J8: Critical | K8: 2026-07-01 ~ 2026-09-30 | L8: 운영 핵심 업무 영향으로 즉시 교체 불가. 전환 테스트 및 업무시간 외 절차 필요 | M8: 호환성 검증, 성능테스트, DR 절차 검증 선행 필요 | N8: 접근통제 강화, 취약점 모니터링, 백업, 변경동결, 월간 리스크 보고 | O8: RHEL 9.x 기준 전환 및 회귀테스트 후 운영 반영 | P8: 46295 | Q8: Y | R8: 대체버전 운영반영 완료 또는 자원 폐기 | S8: 조건부 승인 | T8: 예외기간 초과 금지, 월간 점검결과 제출
A9: EX-EOS-2026-005 | B9: 46183 | C9: 인프라팀 | D9: 담당자 | E9: 싱글뷰 AP | F9: EOS-NSI-2026-007 | G9: RHEL | H9: 7.x | I9: 46203 | J9: High | K9: 2026-07-01 ~ 2026-09-30 | L9: 운영 핵심 업무 영향으로 즉시 교체 불가. 전환 테스트 및 업무시간 외 절차 필요 | M9: 호환성 검증, 성능테스트, DR 절차 검증 선행 필요 | N9: 접근통제 강화, 취약점 모니터링, 백업, 변경동결, 월간 리스크 보고 | O9: RHEL 9.x 기준 전환 및 회귀테스트 후 운영 반영 | P9: 46295 | Q9: Y | R9: 대체버전 운영반영 완료 또는 자원 폐기 | S9: 조건부 승인 | T9: 예외기간 초과 금지, 월간 점검결과 제출
A10: EX-EOS-2026-006 | B10: 46183 | C10: AP개발팀 | D10: 담당자 | E10: 마케팅 AP | F10: EOS-NSI-2026-008 | G10: OpenJDK | H10: 8u202 | I10: 46173 | J10: High | K10: 2026-07-01 ~ 2026-08-31 | L10: 운영 핵심 업무 영향으로 즉시 교체 불가. 전환 테스트 및 업무시간 외 절차 필요 | M10: 호환성 검증, 성능테스트, DR 절차 검증 선행 필요 | N10: 접근통제 강화, 취약점 모니터링, 백업, 변경동결, 월간 리스크 보고 | O10: JDK 21 기준 전환 및 회귀테스트 후 운영 반영 | P10: 46265 | Q10: Y | R10: 대체버전 운영반영 완료 또는 자원 폐기 | S10: 조건부 승인 | T10: 예외기간 초과 금지, 월간 점검결과 제출
A11: EX-EOS-2026-007 | B11: 46183 | C11: WEB/WAS팀 | D11: 담당자 | E11: 싱글뷰 AP | F11: EOS-NSI-2026-009 | G11: Apache Tomcat | H11: 8.5.x | I11: 46173 | J11: High | K11: 2026-07-01 ~ 2026-09-30 | L11: 운영 핵심 업무 영향으로 즉시 교체 불가. 전환 테스트 및 업무시간 외 절차 필요 | M11: 호환성 검증, 성능테스트, DR 절차 검증 선행 필요 | N11: 접근통제 강화, 취약점 모니터링, 백업, 변경동결, 월간 리스크 보고 | O11: Tomcat 10.1 기준 전환 및 회귀테스트 후 운영 반영 | P11: 46295 | Q11: Y | R11: 대체버전 운영반영 완료 또는 자원 폐기 | S11: 조건부 승인 | T11: 예외기간 초과 금지, 월간 점검결과 제출
A12: EX-EOS-2026-008 | B12: 46183 | C12: AP개발팀 | D12: 담당자 | E12: EBM 엔진 AP | F12: EOS-NSI-2026-011 | G12: Spring Boot | H12: 2.7.x | I12: 46203 | J12: High | K12: 2026-07-01 ~ 2026-10-31 | L12: 운영 핵심 업무 영향으로 즉시 교체 불가. 전환 테스트 및 업무시간 외 절차 필요 | M12: 호환성 검증, 성능테스트, DR 절차 검증 선행 필요 | N12: 접근통제 강화, 취약점 모니터링, 백업, 변경동결, 월간 리스크 보고 | O12: 3.3 이상 기준 전환 및 회귀테스트 후 운영 반영 | P12: 46326 | Q12: Y | R12: 대체버전 운영반영 완료 또는 자원 폐기 | S12: 조건부 승인 | T12: 예외기간 초과 금지, 월간 점검결과 제출
A13: EX-EOS-2026-009 | B13: 46183 | C13: AP개발팀 | D13: 담당자 | E13: 공통 프레임워크 | F13: EOS-NSI-2026-012 | G13: Spring Framework | H13: 5.x | I13: 46203 | J13: High | K13: 2026-07-01 ~ 2026-10-31 | L13: 운영 핵심 업무 영향으로 즉시 교체 불가. 전환 테스트 및 업무시간 외 절차 필요 | M13: 호환성 검증, 성능테스트, DR 절차 검증 선행 필요 | N13: 접근통제 강화, 취약점 모니터링, 백업, 변경동결, 월간 리스크 보고 | O13: 6.x 기준 전환 및 회귀테스트 후 운영 반영 | P13: 46326 | Q13: Y | R13: 대체버전 운영반영 완료 또는 자원 폐기 | S13: 조건부 승인 | T13: 예외기간 초과 금지, 월간 점검결과 제출
A14: EX-EOS-2026-010 | B14: 46183 | C14: DBA | D14: 담당자 | E14: RDW | F14: EOS-NSI-2026-014 | G14: Oracle Database | H14: 19c | I14: 46507 | J14: High | K14: 2026-07-01 ~ 2026-12-31 | L14: 운영 핵심 업무 영향으로 즉시 교체 불가. 전환 테스트 및 업무시간 외 절차 필요 | M14: 호환성 검증, 성능테스트, DR 절차 검증 선행 필요 | N14: 접근통제 강화, 취약점 모니터링, 백업, 변경동결, 월간 리스크 보고 | O14: 벤더 표준지원 버전 기준 전환 및 회귀테스트 후 운영 반영 | P14: 46387 | Q14: Y | R14: 대체버전 운영반영 완료 또는 자원 폐기 | S14: 조건부 승인 | T14: 예외기간 초과 금지, 월간 점검결과 제출

Sheet 05_월간보고
A1: 농협상호금융 정보계 EOS 월간 보고서
A3: 1. 월간 EOS 현황 요약
A4: 구분 | B4: 전월 | C4: 금월 | D4: 증감 | E4: 비고
A5: 전체 관리 자원 수 | C5: =COUNTA('01_EOS관리대장'!$B$5:$B$500) -> 36 | D5: =C5-B5 -> 36
A6: EOS 위험 상태 | C6: =COUNTIF('01_EOS관리대장'!$T$5:$T$500,"위험") -> 27 | D6: =C6-B6 -> 27
A7: Critical | C7: =COUNTIF('01_EOS관리대장'!$U$5:$U$500,"Critical") -> 7 | D7: =C7-B7 -> 7
A8: High | C8: =COUNTIF('01_EOS관리대장'!$U$5:$U$500,"High") -> 28 | D8: =C8-B8 -> 28
A9: Medium | C9: =COUNTIF('01_EOS관리대장'!$U$5:$U$500,"Medium") -> 1 | D9: =C9-B9 -> 1
A10: 예외 승인 필요 | C10: =COUNTIF('01_EOS관리대장'!$Y$5:$Y$500,"필요") -> 19 | D10: =C10-B10 -> 19
A11: 조치 진행중 | C11: =COUNTIF('01_EOS관리대장'!$X$5:$X$500,"진행중") -> 8 | D11: =C11-B11 -> 8
A13: 2. 금월 우선 조치 대상
A14: No | B14: 자원ID | C14: NSIGHT영역 | D14: 시스템명 | E14: 제품명 | F14: 위험등급 | G14: 조치유형 | H14: 목표조치일
A15: 1 | B15: EOS-NSI-2026-001 | C15: 채널/단말 | D15: WebTopSuite 단말 | E15: WebTopSuite Runtime | F15: Critical | G15: Upgrade | H15: 46265
A16: 2 | B16: EOS-NSI-2026-004 | C16: WEB | D16: Apache Reverse Proxy | E16: Apache HTTP Server | F16: Critical | G16: Upgrade | H16: 46203
A17: 3 | B17: EOS-NSI-2026-005 | C17: WEB | D17: Nginx Proxy | E17: Nginx | F17: Critical | G17: Upgrade | H17: 46249
A18: 4 | B18: EOS-NSI-2026-006 | C18: AP | D18: 마케팅 AP | E18: RHEL | F18: Critical | G18: Upgrade | H18: 46295
A19: 5 | B19: EOS-NSI-2026-007 | C19: AP | D19: 싱글뷰 AP | E19: RHEL | F19: High | G19: Upgrade | H19: 46295
A20: 6 | B20: EOS-NSI-2026-008 | C20: AP | D20: 마케팅 AP | E20: OpenJDK | F20: High | G20: Upgrade | H20: 46265
A21: 7 | B21: EOS-NSI-2026-009 | C21: AP | D21: 싱글뷰 AP | E21: Apache Tomcat | F21: High | G21: Upgrade | H21: 46295
A22: 8 | B22: EOS-NSI-2026-011 | C22: AP | D22: EBM 엔진 AP | E22: Spring Boot | F22: High | G22: Upgrade | H22: 46326
A24: 3. 주요 이슈 및 요청사항
A25: No | B25: 이슈 | C25: 영향도 | D25: 조치방향 | E25: 요청사항 | F25: 담당조직 | G25: 목표일 | H25: 상태
A26: 1 | B26: JDK 8/Spring Boot 2.x 기반 AP 표준버전 전환 필요 | C26: 높음 | D26: JDK 21 + Spring Boot 3.x 전환 PoC | E26: 호환성 테스트 일정 승인 | F26: AP개발팀 | G26: 46265 | H26: 진행중
A27: 2 | B27: Tomcat 8.5/9.x 혼재로 세션/클러스터 정책 표준화 필요 | C27: 높음 | D27: Tomcat 10.1 기준 통합 | E27: DeltaManager/Sticky 정책 검증 | F27: WEB/WAS팀 | G27: 46295 | H27: 계획수립
A28: 3 | B28: Kafka 2.x 기반 실시간 흐름 EOS 및 성능검증 필요 | C28: 중간 | D28: Kafka 3.x 전환계획 | E28: CDC/Consumer Lag 검증환경 요청 | F28: 이벤트팀 | G28: 46295 | H28: 진행중

Sheet 06_코드기준표
A1: 농협상호금융 정보계 EOS 코드/기준표
A3: 자원구분 코드 | E3: 현재상태 기준
A4: 코드 | B4: 자원구분 | C4: NSIGHT 예시 | E4: 상태 | F4: 기준 | G4: 조치
A5: CHANNEL | B5: 채널/단말 | C5: WebTopSuite 단말 | E5: 정상 | F5: EOS까지 12개월 이상 | G5: 정기 점검
A6: NET | B6: 네트워크 | C6: GSLB, L4, 방화벽 | E6: 주의 | F6: EOS까지 6~12개월 | G6: 전환계획 수립
A7: WEB | B7: Web Server | C7: Apache, Nginx | E7: 경고 | F7: EOS까지 3~6개월 | G7: 일정/예산 확정
A8: WAS | B8: WAS | C8: Tomcat | E8: 위험 | F8: EOS 도래 또는 3개월 미만 | G8: 긴급 개선계획
A9: OS | B9: 운영체제 | C9: RHEL, Windows Server | E9: 예외 | F9: 승인 후 한시적 유지 | G9: 월간 점검/종료관리
A10: JDK | B10: Java Runtime | C10: OpenJDK, Oracle JDK
A11: FMW | B11: Framework | C11: Spring Boot, Spring Framework, MyBatis
A12: DBMS | B12: Database | C12: RDW, ADW DBMS
A13: MW | B13: Middleware | C13: CruzAPIM, Kafka, CDC, MFT/FOS
A14: ETL | B14: ETL/Batch | C14: DataStage
A15: SEC | B15: 보안 | C15: SSO, WAF, DB 접근제어
A16: LIB | B16: Library | C16: Log4j, Jackson, Netty, JDBC Driver
A17: TOOL | B17: 운영/DevOps 도구 | C17: GitLab, Jenkins, APM, Log Platform
A19: 위험등급 기준 | E19: 조치유형 코드
A20: 총점 | B20: 위험등급 | C20: 조치기준 | E20: 조치유형 | F20: 의미 | G20: 적용 예시
A21: 32점 이상 | B21: Critical | C21: 즉시 개선계획 및 관리자/PMO 보고 | E21: Upgrade | F21: 지원 버전으로 업그레이드 | G21: Tomcat 10.1, JDK 21
A22: 26~31점 | B22: High | C22: 3개월 이내 조치계획 확정 | E22: Replace | F22: 제품 또는 솔루션 교체 | G22: 단종 솔루션 대체
A23: 20~25점 | B23: Medium | C23: 6개월 이내 개선계획 수립 | E23: Remove | F23: 미사용 자원 제거 | G23: 잔존 라이브러리 제거
A24: 19점 이하 | B24: Low | C24: 정기 점검 관리 | E24: Extended Support | F24: 유상/제한 지원 | G24: DBMS 단기 연장
E25: Isolation | F25: 임시 격리 | G25: 접근통제 강화
E26: Exception | F26: 예외 승인 | G26: 전환 전 한시적 유지
A27: 환경 코드
A28: 코드 | B28: 의미 | C28: 설명
A29: DEV | B29: 개발 | C29: 개발자 개발환경 | E29: 진행상태 코드
A30: TEST | B30: 테스트 | C30: 통합테스트 | E30: 진행상태 | F30: 의미 | G30: 관리 기준
A31: STG | B31: 스테이징 | C31: 운영 전 검증 | E31: 미착수 | F31: 등록 후 착수 전 | G31: 일정 확정 필요
A32: PROD | B32: 운영 | C32: 운영 서비스 | E32: 계획수립 | F32: 방안/일정 수립 중 | G32: 영향도 분석 필요
A33: DR | B33: 재해복구 | C33: DR 센터 | E33: 진행중 | F33: 조치 수행 중 | G33: 주간 진행 보고
E34: 테스트중 | F34: 검증 단계 | G34: 성능/회귀/보안 검증
E35: 완료 | F35: 운영 반영 완료 | G35: 증빙 첨부
E36: 보류 | F36: 일시 중단 | G36: 사유/재개일 필요
E37: 예외관리 | F37: 예외 승인 후 유지 | G37: 월간 점검

Sheet 07_점검명령어
A1: 농협상호금융 정보계 EOS 점검 명령어/확인방법 샘플
A3: 영역 | B3: 점검대상 | C3: 확인명령/확인방법 | D3: 수집정보 | E3: 주의사항 | F3: 산출물
A4: OS | B4: RHEL/Linux | C4: cat /etc/os-release; uname -a; rpm -qa | grep release | D4: OS버전, 커널, 패치레벨 | E4: 운영/DR 동일 기준 확인 | F4: 서버별 OS 점검표
A5: JDK | B5: OpenJDK/Oracle JDK | C5: java -version; echo $JAVA_HOME; ps -ef | grep java | D5: JDK Vendor, Version, JAVA_HOME | E5: 서비스별 다른 JAVA_HOME 가능 | F5: JDK 현황표
A6: Tomcat | B6: WAS | C6: $CATALINA_HOME/bin/catalina.sh version; ps -ef | grep tomcat | D6: Tomcat 버전, 실행경로, 인스턴스 | E6: 내장/외장 Tomcat 구분 | F6: WAS 현황표
A7: Apache | B7: WEB | C7: httpd -v; httpd -M; apachectl -S | D7: Apache 버전, 모듈, VirtualHost | E7: mod_proxy, mod_ssl 사용 확인 | F7: WEB 현황표
A8: Nginx | B8: WEB/Proxy | C8: nginx -v; nginx -T | D8: Nginx 버전, 설정 | E8: 운영정보 노출 주의 | F8: Proxy 설정 백업
A9: DBMS | B9: RDW/ADW | C9: SELECT * FROM v$version; 또는 DBMS별 version query | D9: DBMS 버전, 옵션 | E9: 계정 권한 필요 | F9: DBMS 현황표
A10: JDBC | B10: AP Library | C10: mvn dependency:tree | grep jdbc; jar tf app.war | grep ojdbc | D10: Driver 버전, 포함 위치 | E10: 중복 JAR 여부 확인 | F10: 라이브러리 점검표
A11: Spring Boot | B11: Framework | C11: mvn dependency:tree | grep spring-boot; gradle dependencies | D11: Spring Boot/Framework 버전 | E11: 간접의존성 포함 | F11: Framework 현황표
A12: MyBatis | B12: Framework | C12: mvn dependency:tree | grep mybatis | D12: MyBatis 버전 | E12: SQL Timeout 설정도 함께 점검 | F12: Framework 현황표
A13: Kafka | B13: Realtime/Event | C13: kafka-topics.sh --version; broker 설정 확인 | D13: Broker/Client 버전 | E13: Broker와 Client 버전 모두 확인 | F13: Kafka 현황표
A14: CDC | B14: CDC Agent | C14: 제품 콘솔/Agent version 확인 | D14: Agent 버전, 원천DB 연동 | E14: 원천DB 권한/로그모드 확인 | F14: CDC 현황표
... A19: Library | B19: 오픈소스/SBOM | C19: mvn dependency:tree; gradle dependencies; SCA 도구 결과 | D19: 직접/간접 의존성 | E19: 취약점/CVE 동시 확인 | F19: SBOM/SCA 보고서
